epoch,train_loss,val_uar
1,2.0250561157862346,0.15625
2,1.9220246473948162,0.25390625
3,1.8694674452145894,0.33203125
4,1.8141402363777162,0.17578125
5,1.752561636765798,0.21484375
6,1.7284459670384724,0.19140625
7,1.7190261363983155,0.2734375
8,1.6876983205477396,0.37109375
9,1.6487465341885885,0.2421875
10,1.6023006240526836,0.3359375
11,1.5631479541460673,0.37890625
12,1.5566126346588134,0.33984375
13,1.5209233283996582,0.38671875
14,1.494101850191752,0.38671875
15,1.4459142923355102,0.33203125
16,1.4450895349184671,0.39453125
17,1.421240246295929,0.30078125
18,1.4130661686261494,0.44921875
19,1.3960060596466064,0.45703125
20,1.3940874338150024,0.41796875
21,1.3663143118222554,0.3671875
22,1.3566959579785665,0.41796875
23,1.3156891504923502,0.46875
24,1.3144056876500447,0.48828125
25,1.327536658445994,0.5078125
26,1.3027798175811767,0.48046875
27,1.3038107752799988,0.49609375
28,1.2994906226793925,0.5078125
29,1.2876288374265035,0.5078125
30,1.2804185112317403,0.49609375
