model,noise,snr_db,uar,macro_f1,accuracy
cnn_aug/onnx_int8,clean,,0.4375,0.3602552358152563,0.43333333333333335
cnn_aug/onnx_int8,white,20.0,0.47265625,0.40906496156683564,0.4708333333333333
cnn_aug/onnx_int8,white,15.0,0.4609375,0.4008161577315206,0.4666666666666667
cnn_aug/onnx_int8,white,10.0,0.4453125,0.3872666331481452,0.4583333333333333
cnn_aug/onnx_int8,white,5.0,0.40625,0.34289874190338016,0.42916666666666664
cnn_aug/onnx_int8,white,0.0,0.37109375,0.30395897649555137,0.3958333333333333
cnn_aug/onnx_int8,white,-5.0,0.3125,0.25311196425042093,0.3333333333333333
cnn_aug/onnx_int8,pink,20.0,0.48046875,0.40324672473645073,0.4666666666666667
cnn_aug/onnx_int8,pink,15.0,0.47265625,0.39720388968595566,0.4625
cnn_aug/onnx_int8,pink,10.0,0.4765625,0.39595606310669884,0.4625
cnn_aug/onnx_int8,pink,5.0,0.4453125,0.3556433035385512,0.425
cnn_aug/onnx_int8,pink,0.0,0.375,0.2849903480683732,0.35
cnn_aug/onnx_int8,pink,-5.0,0.33203125,0.2266323600087355,0.3
cnn_aug/onnx_int8,brown,20.0,0.4609375,0.3941648481480654,0.4666666666666667
cnn_aug/onnx_int8,brown,15.0,0.46484375,0.39847435006323184,0.4708333333333333
cnn_aug/onnx_int8,brown,10.0,0.46875,0.4150625188545489,0.4708333333333333
cnn_aug/onnx_int8,brown,5.0,0.46484375,0.41041867668138676,0.4625
cnn_aug/onnx_int8,brown,0.0,0.4609375,0.394745774589608,0.45416666666666666
cnn_aug/onnx_int8,brown,-5.0,0.4609375,0.39607348849869545,0.4625
cnn_aug/onnx_int8,cabin,20.0,0.44921875,0.3776943314333826,0.44166666666666665
cnn_aug/onnx_int8,cabin,15.0,0.46484375,0.3950128864558322,0.45
cnn_aug/onnx_int8,cabin,10.0,0.4453125,0.371864159149258,0.42916666666666664
cnn_aug/onnx_int8,cabin,5.0,0.4453125,0.35976573185513205,0.42916666666666664
cnn_aug/onnx_int8,cabin,0.0,0.4296875,0.3548770285719634,0.425
cnn_aug/onnx_int8,cabin,-5.0,0.4296875,0.35202552242194185,0.44166666666666665
